id,email,profile;id;email;profile
300,124mira@gmail.com,Rep;300;124mira@gmail.com;Rep
104,27827675946@vodamail.co.za,Rep;104;27827675946@vodamail.co.za;Rep
210,absolutelybigish@gmail.com,Base;210;absolutelybigish@gmail.com;Base
49,acldeboin@gmail.com,Base;49;acldeboin@gmail.com;Base
33,acquahe32@yahoo.com,Base;33;acquahe32@yahoo.com;Base
100,adributu@gmail.com,Rep;100;adributu@gmail.com;Rep
34,aleisa29@cantv.net,Base;34;aleisa29@cantv.net;Base
5,ales.dolzan@gmail.com,Cand;5;ales.dolzan@gmail.com;Cand
101,alfredo.rg@gmail.com,Rep;101;alfredo.rg@gmail.com;Rep
53,amacnerd@gmail.com,Base;53;amacnerd@gmail.com;Base
24,ami@tollmyr.se,Base;24;ami@tollmyr.se;Base
47,ana.von@mail.pf,Base;47;ana.von@mail.pf;Base
144,annacarneymelcher@gmail.com,Rep;144;annacarneymelcher@gmail.com;Rep
350,annatravier@gmail.com,Rep;350;annatravier@gmail.com;Rep
38,apuello@productosjuliao.com.co,Base;38;apuello@productosjuliao.com.co;Base
130,asbarrow@farmside.co.nz,Rep;130;asbarrow@farmside.co.nz;Rep
15,atish.rajkomar@gmail.com,Base;15;atish.rajkomar@gmail.com;Base
820,atulyada@gmail.com,Rep;820;atulyada@gmail.com;Rep
60,auberkom@gmail.com,Cand;60;auberkom@gmail.com;Cand
280,belkisshah@gmail.com,Rep;280;belkisshah@gmail.com;Rep
102,belkisshah@mac.com,Rep;102;belkisshah@mac.com;Rep
140,boothdyess@gmail.com,Rep;140;boothdyess@gmail.com;Rep
103,brian.mcdermott@wopg.org,Rep;103;brian.mcdermott@wopg.org;Rep
270,bushmikaela@gmail.com,Rep;270;bushmikaela@gmail.com;Rep
320,butlgo@gmail.com,Base;320;butlgo@gmail.com;Base
164,cara_ramesh@hotmail.com.Rep;164;cara_ramesh@hotmail.com;Rep
161,carheix@gmail.com,Rep;161;carheix@gmail.com;Rep
602,carlos.c.saraiva@gmail.com,Base;602;carlos.c.saraiva@gmail.com;Base
142,carol.ryan.sundown@gmail.com,Rep;142;carol.ryan.sundown@gmail.com;Rep
58,carolpost1@gmail.com,Base;58;carolpost1@gmail.com;Base
14,catchkrupa@gmail.com,Base;14;catchkrupa@gmail.com;Base
420,ccarrasco.tools@gmail.com,Rep;420;ccarrasco.tools@gmail.com;Rep
105,centre@global.net.au,Rep;105;centre@global.net.au;Rep
430,cfdock@gmail.com,Rep;430;cfdock@gmail.com;Rep
41,charlierus@gmail.com,Base;41;charlierus@gmail.com;Base
40,charlimk@gmail.com,Base;40;charlimk@gmail.com;Base
220,clemmieisyourdarling@gmail.com,Base;220;clemmieisyourdarling@gmail.com;Base
106,contactchriswalker@yahoo.com.au,Rep;106;contactchriswalker@yahoo.com.au;Rep
130,cvandh6@gmail.com,Rep;130;cvandh6@gmail.com;Rep
480,cvandh6@gmail.com,Rep;480;cvandh6@gmail.com;Rep
152,duffieldpowell@yahoo.com,Rep;152;duffieldpowell@yahoo.com;Rep
168,elianeperes.47@gmail.com,Base;168;elianeperes.47@gmail.com;Rep
110,emailchriswalker@gmail.com,Rep;110;emailchriswalker@gmail.com;Rep
154,emmaluzcordoba@gmail.com,Rep;154;emmaluzcordoba@gmail.com;Rep
107,esther.languillet@gmail.com,Rep;107;esther.languillet@gmail.com;Rep
280,evelyne.telep@orange.fr,Rep;280;evelyne.telep@orange.fr;Rep
630,fahore2002@gmail.com,Rep;630;fahore2002@gmail.com;Rep
520,fflorsheim@gmail.com,Rep;520;fflorsheim@gmail.com;Rep
260,fmartinezagustoni@gmail.com,Base;260;fmartinezagustoni@gmail.com;Base
125,frasos@gmail.com,Rep;125;frasos@gmail.com;Rep
109,g.mantzaris@alice.it,Rep;109;g.mantzaris@alice.it;Rep
149,gaillard.denise@gmail.com,Rep;149;gaillard.denise@gmail.com;Rep
570,gaitiredewadasan@gmail.com,Rep;570;gaitiredewadasan@gmail.com;Rep
12,gandhimiamigpi@gmail.com,Cand;12;gandhimiamigpi@gmail.com;Cand
166,ganeshanrao@gmail.com,Rep;166;ganeshanrao@gmail.com;Rep
150,gayadev@hotmail.com,Rep;150;gayadev@hotmail.com;Rep
56,geeta.c84@Gmail.com,Base;56;geeta.c84@Gmail.com;Base
290,gloriasgpi@gmail.com,Rep;290;gloriasgpi@gmail.com;Rep
530,gloriaspencer603@gmail.com;530;gloriaspencer603@gmail.com;Rep
141,gloriaspencer603@hotmail.com;141;gloriaspencer603@hotmail.com;Rep
400,gogoalippi@gmail.com;400;gogoalippi@gmail.com;Rep
601,gpi.online.training@gmail.com,Base;601;gpi.online.training@gmail.com;Base
910,gpinepal@gmail.com,Rep;910;gpinepal@gmail.com;Rep
30,gpisa057@gmail.com,Base;30;gpisa057@gmail.com;Base
25,helge2rp@online.no,Base;25;helge2rp@online.no;Base
240,hellenpuello@gmail.com,Rep;240;hellenpuello@gmail.com;Rep
20,hguilloux2@orange.fr,Base;20;hguilloux2@orange.fr;Base
32,houdozin@gmail.com,Base;32;houdozin@gmail.com;Base
23,hp@jngroup.dk,Base;23;hp@jngroup.dk;Base
260,hphansen222@gmail.com,Rep;260;hphansen222@gmail.com;Rep
9,ian@idarchitecture.co.nz,Cand;9;ian@idarchitecture.co.nz;Cand
190,iandawnemail@gmail.com,Cand;190;iandawnemail@gmail.com;Cand
148,idaglad@live.dk,Rep;148;idaglad@live.dk;Rep
500,idaglad22@gmail.com,Rep;500;idaglad22@gmail.com;Rep
660,itamcateer22@gmail.com,Rep;660;itamcateer22@gmail.com;Rep
21,jackson.kathy53@googlemail.com,Base;21;jackson.kathy53@googlemail.com;Base
2,jdldirect@gmail.com,Rep;2;jdldirect@gmail.com;Rep
230,jeffrey.viney@gmail.com,Cand;230;jeffrey.viney@gmail.com;Cand
603,jemcc@talktalk.net,Base;603;jemcc@talktalk.net;Base
4,jemcc@talktalk.net,Rep;4;jemcc@talktalk.net;Rep
151,jenco1@sympatico.ca,Base;151;jenco1@sympatico.ca;Base
460,jezcollier02@gmail.com,Rep;460;jezcollier02@gmail.com;Rep
111,jhmd@verizon.net,Rep;111;jhmd@verizon.net;Rep
604,johnemcclean@gmail.com,Base;604;johnemcclean@gmail.com;Base
250,joseluistubert@gmail.com,Base;250;joseluistubert@gmail.com;Base
3,juan@prorm.com,Rep;3;juan@prorm.com;Rep
650,k.schwengsbier@gmail.com,Rep;650;k.schwengsbier@gmail.com;Rep
114,kacoujy@gmail.com,Rep;114;kacoujy@gmail.com;Rep
900,karthik.karathur@gmail.com,Rep;900;karthik.karathur@gmail.com;Rep
19,katharyneg@gmail.com,Base;19;katharyneg@gmail.com;Base
46,kaushiklal@gmail.com,Base;46;kaushiklal@gmail.com;Base
39,kenjihirotsune@gmail.com,Base;39;kenjihirotsune@gmail.com;Base
360,khanyogroup@gmail.com,Rep;360;khanyogroup@gmail.com;Rep
29,kmlewis@mweb.co.za,Base;29;kmlewis@mweb.co.za;Base
31,komargb@yahoo.fr,Base;31;komargb@yahoo.fr;Base
6,lalkrishneel@gmail.com,Cand;6;lalkrishneel@gmail.com;Cand
116,latifathb@yahoo.fr,Rep;116;latifathb@yahoo.fr;Rep
27,laura.zanzottera@gmail.com,Base;27;laura.zanzottera@gmail.com;Base
37,leona_clem@hotmail.com,Base;37;leona_clem@hotmail.com;Base
670,lleegpi@gmail.com,Rep;670;lleegpi@gmail.com;Rep
270,lleesjp@gmail.com,Rep;270;lleesjp@gmail.com;Rep
1,maggydom@gmail.com,Rep;1;maggydom@gmail.com;Rep
59,manfredszitar100@googlemail.com,Base;59;manfredszitar100@googlemail.com;Base
139,margiecom@yahoo.com,Rep;139;margiecom@yahoo.com;Rep
22,marianthy05@gmail.com,Base;22;marianthy05@gmail.com;Base
118,marielle2300@gmail.com,Rep;118;marielle2300@gmail.com;Rep
200,martaepl74@gmail.com,Rep;200;martaepl74@gmail.com;Rep
17,martyhandley@gmail.com,Base;17;martyhandley@gmail.com;Base
490,mbduhaney@gmail.com,Base;490;mbduhaney@gmail.com;Base
370,mdorfman7@gmail.com,Rep;370;mdorfman7@gmail.com;Rep
143,melissamann74@gmail.com,Rep;143;melissamann74@gmail.com;Rep
170,mgandhid@live.ca,Rep;170;mgandhid@live.ca;Rep
18,mindiati@gmail.com,Base;18;mindiati@gmail.com;Base
50,missmminor@gmail.com,Base;50;missmminor@gmail.com;Base
180,mistrykmmukesh@gmail.com,Rep;180;mistrykmmukesh@gmail.com;Rep
44,mithran05@gmail.com,Base;44;mithran05@gmail.com;Base
320,mkcollins17@gmail.com,Rep;320;mkcollins17@gmail.com;Rep
45,mkeylock@gmail.com,Base;45;mkeylock@gmail.com;Base
170,molina.duran.jasmine@gmail.com,Base;170;molina.duran.jasmine@gmail.com;Base
13,monicazulm99@gmail.com,Cand;13;monicazulm99@gmail.com;Cand
171,mpigatto@gmail.com,Base;171;mpigatto@gmail.com;Base
165,mukesh_mistry@ntlworld.com,Rep;165;mukesh_mistry@ntlworld.com;Rep
35,nallivespinoza@gmail.com,Rep;35;nallivespinoza@gmail.com;Rep
121,nateeinsorn@gmail.com,Rep;121;nateeinsorn@gmail.com;Rep
52,nirz.jivan@gmail.com,Base;52;nirz.jivan@gmail.com;Base
120,pacogferro@gmail.com,Rep;120;pacogferro@gmail.com;Rep
600,patricia.milagros21@gmail.com,Rep;600;patricia.milagros21@gmail.com;Rep
210,patriciadkromer81@gmail.com,Rep;210;patriciadkromer81@gmail.com;Rep
136,pattiobrien@verizon.net,Base;136;pattiobrien@verizon.net;Base
510,pennymason1@gmail.com,Rep;510;pennymason1@gmail.com;Rep
122,peterdawson1@ntlworld.com,Rep;122;peterdawson1@ntlworld.com;Rep
380,peterdawsongpi@gmail.com,Rep;380;peterdawsongpi@gmail.com;Rep
123,petermlee@mac.com,Rep;123;petermlee@mac.com;Rep
590,pimarb12@gmail.com,Rep;590;pimarb12@gmail.com;Rep
680,pmloflei@gmail.com,Rep;680;pmloflei@gmail.com;Rep
560,powming1@gmail.com,Rep;560;powming1@gmail.com;Rep
42,preeyai.j@ri.edu.sg,Base;42;preeyai.j@ri.edu.sg;Base
840,rajnish08prem@gmail.com,Rep;840;rajnish08prem@gmail.com;Rep
310,ramcale@gmail.com,Rep;310;ramcale@gmail.com;Rep
125,renkan12@gmail.com,Base;125;renkan12@gmail.com;Base
690,renugpimsia@gmail.com,Rep;690;renugpimsia@gmail.com;Rep
4,ricardoduquev@gmail.com,Cand;4;ricardoduquev@gmail.com;Cand
310,rineshpsd@gmail.com,Base;310;rineshpsd@gmail.com;Base
54,rmanoharan08@gmail.com,Base;54;rmanoharan08@gmail.com;Base
126,rodolfoelgier@gmail.com,Rep;126;rodolfoelgier@gmail.com;Rep
51,rogerbooth@me.com,Base;51;rogerbooth@me.com;Base
11,roland.razafinjohany@gmail.com,Cand;11;roland.razafinjohany@gmail.com;Cand
220,rosemarycartergpi@gmail.com,Rep;220;rosemarycartergpi@gmail.com;Rep
8,rosyke2003@gmail.com,Cand;8;rosyke2003@gmail.com;Cand
174,rowan@thegrowthgroup.com.au,Base;174;rowan@thegrowthgroup.com.au;Base
57,ryoichi.nagai@gmail.com,Base;57;ryoichi.nagai@gmail.com;Base
540,salkben@gmail.com,Base;540;salkben@gmail.com;Base
620,sandycollier1@gmail.com,Rep;620;sandycollier1@gmail.com;Rep
290,sanjeevnpl@gmail.com,Rep;290;sanjeevnpl@gmail.com;Rep
250,sergiosimoesabreu@gmail.com,Base;250;sergiosimoesabreu@gmail.com;Base
129,shunji214@aria.ocn.ne.jp,Rep;129;shunji214@aria.ocn.ne.jp;Rep
43,simon@mtr.com.hk,Base;43;simon@mtr.com.hk;Base
500,ssury2002@yahoo.ca,Rep;500;ssury2002@yahoo.ca;Rep
10,stephenkofinti@gmail.com,Cand;10;stephenkofinti@gmail.com;Cand
28,stephiehs@gmail.com,Base;28;stephiehs@gmail.com;Base
36,susanacg_2@hotmail.com,Base;36;susanacg_2@hotmail.com;Base
132,sushi.patel@btinternet.com,Rep;132;sushi.patel@btinternet.com;Rep
156,swas_55@yahoo.com,Rep;156;swas_55@yahoo.com;Rep
550,swastika.aarti@gmail.com,Rep;550;swastika.aarti@gmail.com;Rep
133,t.thuresson@gmail.com,Rep;133;t.thuresson@gmail.com;Rep
99,test@example.com,Base;99;test@example.com;Base
230,tiffanygirl27@gmail.com,Rep;230;tiffanygirl27@gmail.com;Rep
26,timovalke@gmail.com,Base;26;timovalke@gmail.com;Base
55,tinalindgreen@gmail.com,Base;55;tinalindgreen@gmail.com;Base
162,tomerik.eriksen@luthgruppen.no,Rep;162;tomerik.eriksen@luthgruppen.no;Rep
48,unmessagedepaix@gmail.com,Base;48;unmessagedepaix@gmail.com;Base
16,vida.amor.daya@gmail.com,Base;16;vida.amor.daya@gmail.com;Base
3,virenprasad7@gmail.com,Cand;3;virenprasad7@gmail.com;Cand
158,virgihill@gmail.com,Rep;158;virgihill@gmail.com;Rep
134,williemaxwell@btinternet.com,Rep;134;williemaxwell@btinternet.com;Rep
135,zeal1950@gmail.com,Rep;135;zeal1950@gmail.com;Rep
